,name,bigram,count,type
0,Maybank,business,614.0,ab
1,Maybank,community,561.0,ab
2,Maybank,customer,693.0,ab
3,Maybank,employee,774.0,ab
4,Maybank,financial,634.0,ab
5,Maybank,group,569.0,ab
6,Maybank,maybank,571.0,ab
7,Maybank,programme,465.0,ab
8,Maybank,service,582.0,ab
9,Maybank,support,472.0,ab
10,UOB,approach,220.0,ab
11,UOB,business,217.0,ab
12,UOB,colleague,199.0,ab
13,UOB,customer,372.0,ab
14,UOB,develop,185.0,ab
15,UOB,financial,226.0,ab
16,UOB,management,200.0,ab
17,UOB,risk,297.0,ab
18,UOB,sustainability,180.0,ab
19,UOB,sustainable,222.0,ab
20,AIIB,aiib,94.0,ab
21,AIIB,bank,33.0,ab
22,AIIB,development,33.0,ab
23,AIIB,environmental,43.0,ab
24,AIIB,financing,50.0,ab
25,AIIB,infrastructure,41.0,ab
26,AIIB,investment,26.0,ab
27,AIIB,project,96.0,ab
28,AIIB,social,37.0,ab
29,AIIB,sustainable,36.0,ab
30,BRI,business,124.0,ab
31,BRI,customer,97.0,ab
32,BRI,employee,111.0,ab
33,BRI,finance,128.0,ab
34,BRI,financial,102.0,ab
35,BRI,management,113.0,ab
36,BRI,report,103.0,ab
37,BRI,service,138.0,ab
38,BRI,support,96.0,ab
39,BRI,sustainable,170.0,ab
40,CHBank,bank,119.0,ab
41,CHBank,banking,56.0,ab
42,CHBank,branch,48.0,ab
43,CHBank,customer,95.0,ab
44,CHBank,employee,130.0,ab
45,CHBank,management,46.0,ab
46,CHBank,policy,46.0,ab
47,CHBank,provide,60.0,ab
48,CHBank,risk,57.0,ab
49,CHBank,service,88.0,ab
50,Mizuho,co,25.0,ab
51,Mizuho,company,22.0,ab
52,Mizuho,director,21.0,ab
53,Mizuho,emission,24.0,ab
54,Mizuho,employee,57.0,ab
55,Mizuho,group,24.0,ab
56,Mizuho,management,27.0,ab
57,Mizuho,number,39.0,ab
58,Mizuho,total,19.0,ab
59,Mizuho,update,23.0,ab
60,CMB,branch,233.0,ab
61,CMB,business,139.0,ab
62,CMB,customer,284.0,ab
63,CMB,development,135.0,ab
64,CMB,employee,215.0,ab
65,CMB,financial,210.0,ab
66,CMB,help,140.0,ab
67,CMB,management,240.0,ab
68,CMB,risk,164.0,ab
69,CMB,service,279.0,ab
70,SBI,bank,119.0,ab
71,SBI,business,77.0,ab
72,SBI,customer,107.0,ab
73,SBI,employee,79.0,ab
74,SBI,loan,63.0,ab
75,SBI,management,95.0,ab
76,SBI,provide,65.0,ab
77,SBI,sbi,93.0,ab
78,SBI,service,77.0,ab
79,SBI,Ô¨Ånancial,63.0,ab
80,Dahsing,also,34.0,ab
81,Dahsing,business,28.0,ab
82,Dahsing,continue,86.0,ab
83,Dahsing,customer,55.0,ab
84,Dahsing,employee,28.0,ab
85,Dahsing,group,43.0,ab
86,Dahsing,management,34.0,ab
87,Dahsing,service,27.0,ab
88,Dahsing,staff,37.0,ab
89,Dahsing,support,38.0,ab
90,Hana,business,158.0,ab
91,Hana,customer,171.0,ab
92,Hana,employee,170.0,ab
93,Hana,financial,313.0,ab
94,Hana,group,185.0,ab
95,Hana,management,243.0,ab
96,Hana,report,139.0,ab
97,Hana,risk,229.0,ab
98,Hana,service,144.0,ab
99,Hana,support,152.0,ab
100,Krungthai,bank,1229.0,ab
101,Krungthai,business,544.0,ab
102,Krungthai,customer,714.0,ab
103,Krungthai,employee,1082.0,ab
104,Krungthai,financial,430.0,ab
105,Krungthai,management,440.0,ab
106,Krungthai,operation,496.0,ab
107,Krungthai,risk,484.0,ab
108,Krungthai,service,444.0,ab
109,Krungthai,work,472.0,ab
110,Danamon,activity,71.0,ab
111,Danamon,customer,101.0,ab
112,Danamon,danamon,176.0,ab
113,Danamon,economic,61.0,ab
114,Danamon,employee,94.0,ab
115,Danamon,finance,95.0,ab
116,Danamon,program,60.0,ab
117,Danamon,service,64.0,ab
118,Danamon,sustainability,75.0,ab
119,Danamon,sustainable,92.0,ab
120,CIMB,business,754.0,ab
121,CIMB,cimb,1122.0,ab
122,CIMB,customer,915.0,ab
123,CIMB,employee,681.0,ab
124,CIMB,financial,972.0,ab
125,CIMB,group,1105.0,ab
126,CIMB,impact,697.0,ab
127,CIMB,risk,836.0,ab
128,CIMB,sustainability,1149.0,ab
129,CIMB,sustainable,723.0,ab
130,BangkokBank,bank,360.0,ab
131,BangkokBank,business,260.0,ab
132,BangkokBank,customer,234.0,ab
133,BangkokBank,employee,322.0,ab
134,BangkokBank,financial,135.0,ab
135,BangkokBank,management,171.0,ab
136,BangkokBank,risk,211.0,ab
137,BangkokBank,service,204.0,ab
138,BangkokBank,support,138.0,ab
139,BangkokBank,total,138.0,ab
140,BEA,business,110.0,ab
141,BEA,customer,198.0,ab
142,BEA,employee,100.0,ab
143,BEA,environmental,88.0,ab
144,BEA,group,97.0,ab
145,BEA,performance,185.0,ab
146,BEA,policy,91.0,ab
147,BEA,risk,90.0,ab
148,BEA,service,91.0,ab
149,BEA,sustainability,92.0,ab
150,HSBCBank,business,727.0,ab
151,HSBCBank,customer,904.0,ab
152,HSBCBank,financial,1461.0,ab
153,HSBCBank,group,1066.0,ab
154,HSBCBank,include,1021.0,ab
155,HSBCBank,management,834.0,ab
156,HSBCBank,report,847.0,ab
157,HSBCBank,risk,1916.0,ab
158,HSBCBank,value,878.0,ab
159,HSBCBank,year,701.0,ab
160,CITICBank,bank,295.0,ab
161,CITICBank,business,118.0,ab
162,CITICBank,customer,189.0,ab
163,CITICBank,employee,148.0,ab
164,CITICBank,financial,103.0,ab
165,CITICBank,loan,101.0,ab
166,CITICBank,management,228.0,ab
167,CITICBank,report,112.0,ab
168,CITICBank,risk,137.0,ab
169,CITICBank,service,134.0,ab
170,OCBC,business,138.0,ab
171,OCBC,customer,279.0,ab
172,OCBC,employee,272.0,ab
173,OCBC,financial,146.0,ab
174,OCBC,group,140.0,ab
175,OCBC,include,136.0,ab
176,OCBC,management,177.0,ab
177,OCBC,ocbc,137.0,ab
178,OCBC,risk,179.0,ab
179,OCBC,sustainable,190.0,ab
180,RHB,business,672.0,ab
181,RHB,customer,1053.0,ab
182,RHB,employee,910.0,ab
183,RHB,financial,604.0,ab
184,RHB,group,1070.0,ab
185,RHB,management,608.0,ab
186,RHB,programme,525.0,ab
187,RHB,service,463.0,ab
188,RHB,sustainability,467.0,ab
189,RHB,sustainable,442.0,ab
190,BDO,bank,218.0,ab
191,BDO,business,160.0,ab
192,BDO,corporate,179.0,ab
193,BDO,customer,173.0,ab
194,BDO,employee,248.0,ab
195,BDO,finance,177.0,ab
196,BDO,financial,203.0,ab
197,BDO,service,191.0,ab
198,BDO,sustainable,175.0,ab
199,BDO,year,209.0,ab
200,CCB,bank,111.0,ab
201,CCB,business,70.0,ab
202,CCB,development,85.0,ab
203,CCB,finance,117.0,ab
204,CCB,financial,89.0,ab
205,CCB,green,98.0,ab
206,CCB,management,89.0,ab
207,CCB,new,92.0,ab
208,CCB,service,127.0,ab
209,CCB,support,71.0,ab
210,SCB,bank,278.0,ab
211,SCB,employee,264.0,ab
212,SCB,environmental,291.0,ab
213,SCB,future,551.0,ab
214,SCB,impact,262.0,ab
215,SCB,risk,322.0,ab
216,SCB,sustainability,369.0,ab
217,SCB,sustainable,602.0,ab
218,SCB,way,383.0,ab
219,SCB,well,441.0,ab
220,MUFG,business,661.0,ab
221,MUFG,company,294.0,ab
222,MUFG,corporate,350.0,ab
223,MUFG,customer,282.0,ab
224,MUFG,employee,401.0,ab
225,MUFG,financial,422.0,ab
226,MUFG,group,388.0,ab
227,MUFG,management,510.0,ab
228,MUFG,risk,374.0,ab
229,MUFG,social,272.0,ab
230,BOC,asset,459.0,ab
231,BOC,bank,746.0,ab
232,BOC,business,386.0,ab
233,BOC,credit,398.0,ab
234,BOC,financial,983.0,ab
235,BOC,group,632.0,ab
236,BOC,loan,477.0,ab
237,BOC,management,559.0,ab
238,BOC,risk,631.0,ab
239,BOC,value,429.0,ab
240,HLB,bank,269.0,ab
241,HLB,banking,239.0,ab
242,HLB,business,403.0,ab
243,HLB,customer,397.0,ab
244,HLB,digital,205.0,ab
245,HLB,employee,407.0,ab
246,HLB,financial,252.0,ab
247,HLB,programme,218.0,ab
248,HLB,risk,200.0,ab
249,HLB,service,252.0,ab
250,DBS,approach,124.0,ab
251,DBS,customer,170.0,ab
252,DBS,datum,110.0,ab
253,DBS,employee,191.0,ab
254,DBS,enterprise,109.0,ab
255,DBS,financial,135.0,ab
256,DBS,management,126.0,ab
257,DBS,risk,161.0,ab
258,DBS,social,153.0,ab
259,DBS,sustainability,112.0,ab
260,BNI,business,293.0,ab
261,BNI,company,238.0,ab
262,BNI,customer,271.0,ab
263,BNI,employee,282.0,ab
264,BNI,management,215.0,ab
265,BNI,program,357.0,ab
266,BNI,provide,218.0,ab
267,BNI,service,314.0,ab
268,BNI,support,226.0,ab
269,BNI,sustainable,259.0,ab
270,PSBC,bank,172.0,ab
271,PSBC,business,140.0,ab
272,PSBC,customer,148.0,ab
273,PSBC,development,155.0,ab
274,PSBC,employee,152.0,ab
275,PSBC,financial,153.0,ab
276,PSBC,loan,160.0,ab
277,PSBC,management,200.0,ab
278,PSBC,report,121.0,ab
279,PSBC,service,188.0,ab
280,Mandiri,bank,133.0,ab
281,Mandiri,company,147.0,ab
282,Mandiri,corporate,133.0,ab
283,Mandiri,director,114.0,ab
284,Mandiri,employee,173.0,ab
285,Mandiri,finance,104.0,ab
286,Mandiri,program,127.0,ab
287,Mandiri,risk,114.0,ab
288,Mandiri,sustainable,131.0,ab
289,Mandiri,unit,108.0,ab
290,CitiBank,carbon,47.0,ab
291,CitiBank,climate,69.0,ab
292,CitiBank,emission,42.0,ab
293,CitiBank,future,34.0,ab
294,CitiBank,global,33.0,ab
295,CitiBank,investor,60.0,ab
296,CitiBank,net,51.0,ab
297,CitiBank,support,33.0,ab
298,CitiBank,sustainable,90.0,ab
299,CitiBank,transition,35.0,ab
300,ICBC,bank,204.0,ab
301,ICBC,customer,119.0,ab
302,ICBC,development,119.0,ab
303,ICBC,employee,131.0,ab
304,ICBC,financial,154.0,ab
305,ICBC,green,120.0,ab
306,ICBC,management,137.0,ab
307,ICBC,period,111.0,ab
308,ICBC,report,144.0,ab
309,ICBC,service,225.0,ab
310,Shinhan,business,222.0,ab
311,Shinhan,company,178.0,ab
312,Shinhan,customer,163.0,ab
313,Shinhan,employee,194.0,ab
314,Shinhan,environmental,212.0,ab
315,Shinhan,financial,249.0,ab
316,Shinhan,group,321.0,ab
317,Shinhan,management,253.0,ab
318,Shinhan,report,251.0,ab
319,Shinhan,system,163.0,ab
320,Edward,associate,78.0,am
321,Edward,community,70.0,am
322,Edward,financial,55.0,am
323,Edward,firm,56.0,am
324,Edward,good,67.0,am
325,Edward,impact,56.0,am
326,Edward,office,60.0,am
327,Edward,positive,56.0,am
328,Edward,support,95.0,am
329,Edward,waste,73.0,am
330,ABERDEEN,business,136.0,am
331,ABERDEEN,change,118.0,am
332,ABERDEEN,company,163.0,am
333,ABERDEEN,corporate,144.0,am
334,ABERDEEN,employee,198.0,am
335,ABERDEEN,life,121.0,am
336,ABERDEEN,number,137.0,am
337,ABERDEEN,report,145.0,am
338,ABERDEEN,standard,121.0,am
339,ABERDEEN,sustainability,114.0,am
340,JPMORGAN,business,343.0,am
341,JPMORGAN,community,246.0,am
342,JPMORGAN,customer,227.0,am
343,JPMORGAN,employee,258.0,am
344,JPMORGAN,financial,195.0,am
345,JPMORGAN,firm,307.0,am
346,JPMORGAN,help,179.0,am
347,JPMORGAN,include,228.0,am
348,JPMORGAN,risk,259.0,am
349,JPMORGAN,support,225.0,am
350,Pinebridge,company,115.0,am
351,Pinebridge,corporate,110.0,am
352,Pinebridge,engagement,143.0,am
353,Pinebridge,equity,113.0,am
354,Pinebridge,financial,116.0,am
355,Pinebridge,investment,302.0,am
356,Pinebridge,process,126.0,am
357,Pinebridge,public,139.0,am
358,Pinebridge,risk,132.0,am
359,Pinebridge,strategy,109.0,am
360,Morgan,business,286.0,am
361,Morgan,client,260.0,am
362,Morgan,employee,214.0,am
363,Morgan,include,287.0,am
364,Morgan,investment,323.0,am
365,Morgan,management,269.0,am
366,Morgan,risk,362.0,am
367,Morgan,support,200.0,am
368,Morgan,sustainability,289.0,am
369,Morgan,sustainable,322.0,am
370,Ashmore,ashmore,253.0,am
371,Ashmore,business,77.0,am
372,Ashmore,community,84.0,am
373,Ashmore,corporate,82.0,am
374,Ashmore,country,81.0,am
375,Ashmore,employee,161.0,am
376,Ashmore,group,77.0,am
377,Ashmore,investment,180.0,am
378,Ashmore,market,111.0,am
379,Ashmore,support,98.0,am
380,HANGSENG,business,968.0,am
381,HANGSENG,corporate,673.0,am
382,HANGSENG,customer,1131.0,am
383,HANGSENG,employee,606.0,am
384,HANGSENG,management,707.0,am
385,HANGSENG,provide,582.0,am
386,HANGSENG,report,861.0,am
387,HANGSENG,risk,886.0,am
388,HANGSENG,service,697.0,am
389,HANGSENG,staff,705.0,am
390,Sinopac,corporate,980.0,am
391,Sinopac,customer,1204.0,am
392,Sinopac,employee,1520.0,am
393,Sinopac,financial,883.0,am
394,Sinopac,holding,2013.0,am
395,Sinopac,management,1869.0,am
396,Sinopac,provide,906.0,am
397,Sinopac,risk,1643.0,am
398,Sinopac,service,1257.0,am
399,Sinopac,sinopac,1651.0,am
400,CAPITAL,analyst,9.0,am
401,CAPITAL,capital,13.0,am
402,CAPITAL,engagement,9.0,am
403,CAPITAL,framework,8.0,am
404,CAPITAL,group,12.0,am
405,CAPITAL,investment,33.0,am
406,CAPITAL,issue,12.0,am
407,CAPITAL,process,15.0,am
408,CAPITAL,research,12.0,am
409,CAPITAL,year,9.0,am
410,HSBCAM,climate,175.0,am
411,HSBCAM,company,369.0,am
412,HSBCAM,engagement,181.0,am
413,HSBCAM,investment,393.0,am
414,HSBCAM,issue,158.0,am
415,HSBCAM,process,152.0,am
416,HSBCAM,public,196.0,am
417,HSBCAM,report,185.0,am
418,HSBCAM,risk,225.0,am
419,HSBCAM,strategy,194.0,am
420,AVIVA,annual,132.0,am
421,AVIVA,client,138.0,am
422,AVIVA,climate,128.0,am
423,AVIVA,company,205.0,am
424,AVIVA,include,112.0,am
425,AVIVA,investment,385.0,am
426,AVIVA,market,106.0,am
427,AVIVA,page,117.0,am
428,AVIVA,responsible,205.0,am
429,AVIVA,review,137.0,am
430,Legal&General,build,61.0,am
431,Legal&General,business,143.0,am
432,Legal&General,carbon,68.0,am
433,Legal&General,climate,96.0,am
434,Legal&General,create,67.0,am
435,Legal&General,investment,105.0,am
436,Legal&General,people,71.0,am
437,Legal&General,risk,124.0,am
438,Legal&General,support,91.0,am
439,Legal&General,work,65.0,am
440,GAM,company,97.0,am
441,GAM,engagement,130.0,am
442,GAM,factor,96.0,am
443,GAM,information,80.0,am
444,GAM,investment,265.0,am
445,GAM,issue,79.0,am
446,GAM,process,91.0,am
447,GAM,public,114.0,am
448,GAM,strategy,94.0,am
449,GAM,team,97.0,am
450,Muzinich,company,60.0,am
451,Muzinich,credit,31.0,am
452,Muzinich,esg,38.0,am
453,Muzinich,factor,34.0,am
454,Muzinich,investment,137.0,am
455,Muzinich,investor,35.0,am
456,Muzinich,policy,35.0,am
457,Muzinich,research,34.0,am
458,Muzinich,responsible,47.0,am
459,Muzinich,risk,47.0,am
460,VP,company,394.0,am
461,VP,director,326.0,am
462,VP,financial,498.0,am
463,VP,fund,500.0,am
464,VP,group,844.0,am
465,VP,investment,778.0,am
466,VP,management,508.0,am
467,VP,share,339.0,am
468,VP,value,752.0,am
469,VP,year,459.0,am
470,TIAA,business,63.0,am
471,TIAA,community,73.0,am
472,TIAA,company,55.0,am
473,TIAA,employee,61.0,am
474,TIAA,impact,66.0,am
475,TIAA,include,48.0,am
476,TIAA,investment,115.0,am
477,TIAA,responsible,62.0,am
478,TIAA,tiaa,42.0,am
479,TIAA,year,41.0,am
480,EFUND,company,138.0,am
481,EFUND,engagement,110.0,am
482,EFUND,equity,77.0,am
483,EFUND,fund,107.0,am
484,EFUND,information,117.0,am
485,EFUND,investment,229.0,am
486,EFUND,public,176.0,am
487,EFUND,report,116.0,am
488,EFUND,responsible,109.0,am
489,EFUND,strategy,108.0,am
490,TCW,consider,6.0,am
491,TCW,equity,6.0,am
492,TCW,factor,13.0,am
493,TCW,investment,16.0,am
494,TCW,management,5.0,am
495,TCW,process,7.0,am
496,TCW,research,6.0,am
497,TCW,risk,5.0,am
498,TCW,tcw,6.0,am
499,TCW,team,9.0,am
500,UBS,business,498.0,am
501,UBS,client,901.0,am
502,UBS,climate,619.0,am
503,UBS,employee,515.0,am
504,UBS,environmental,530.0,am
505,UBS,investment,453.0,am
506,UBS,management,573.0,am
507,UBS,risk,636.0,am
508,UBS,sustainable,522.0,am
509,UBS,ubs,543.0,am
510,PIMCO,bond,96.0,am
511,PIMCO,carbon,53.0,am
512,PIMCO,change,64.0,am
513,PIMCO,climate,134.0,am
514,PIMCO,investment,90.0,am
515,PIMCO,investor,51.0,am
516,PIMCO,issuer,69.0,am
517,PIMCO,market,54.0,am
518,PIMCO,portfolio,107.0,am
519,PIMCO,risk,126.0,am
520,FIDELITY,analyst,105.0,am
521,FIDELITY,change,86.0,am
522,FIDELITY,climate,94.0,am
523,FIDELITY,company,342.0,am
524,FIDELITY,engagement,121.0,am
525,FIDELITY,investor,87.0,am
526,FIDELITY,issue,65.0,am
527,FIDELITY,risk,64.0,am
528,FIDELITY,transition,65.0,am
529,FIDELITY,year,68.0,am
530,Neuberger,client,73.0,am
531,Neuberger,company,191.0,am
532,Neuberger,engagement,102.0,am
533,Neuberger,impact,74.0,am
534,Neuberger,investment,192.0,am
535,Neuberger,management,106.0,am
536,Neuberger,report,80.0,am
537,Neuberger,risk,88.0,am
538,Neuberger,strategy,75.0,am
539,Neuberger,team,74.0,am
540,EVERBRIGHT,also,30.0,am
541,EVERBRIGHT,cel,30.0,am
542,EVERBRIGHT,employee,53.0,am
543,EVERBRIGHT,environmental,24.0,am
544,EVERBRIGHT,fund,22.0,am
545,EVERBRIGHT,group,61.0,am
546,EVERBRIGHT,management,30.0,am
547,EVERBRIGHT,report,22.0,am
548,EVERBRIGHT,support,24.0,am
549,EVERBRIGHT,year,31.0,am
550,Schroders,change,80.0,am
551,Schroders,company,196.0,am
552,Schroders,engagement,79.0,am
553,Schroders,impact,100.0,am
554,Schroders,investment,200.0,am
555,Schroders,report,98.0,am
556,Schroders,risk,84.0,am
557,Schroders,sustainability,77.0,am
558,Schroders,sustainable,102.0,am
559,Schroders,team,70.0,am
560,ALLIANZ,business,105.0,am
561,ALLIANZ,client,96.0,am
562,ALLIANZ,climate,91.0,am
563,ALLIANZ,company,122.0,am
564,ALLIANZ,global,95.0,am
565,ALLIANZ,impact,99.0,am
566,ALLIANZ,investment,141.0,am
567,ALLIANZ,investor,92.0,am
568,ALLIANZ,risk,104.0,am
569,ALLIANZ,sustainable,171.0,am
570,BOCHK,contribution,366.0,am
571,BOCHK,customer,291.0,am
572,BOCHK,development,376.0,am
573,BOCHK,economic,315.0,am
574,BOCHK,employee,487.0,am
575,BOCHK,environmental,352.0,am
576,BOCHK,group,401.0,am
577,BOCHK,management,458.0,am
578,BOCHK,report,270.0,am
579,BOCHK,service,302.0,am
580,CMBC,branch,330.0,am
581,CMBC,company,574.0,am
582,CMBC,customer,472.0,am
583,CMBC,development,243.0,am
584,CMBC,employee,556.0,am
585,CMBC,financial,279.0,am
586,CMBC,management,590.0,am
587,CMBC,risk,277.0,am
588,CMBC,service,392.0,am
589,CMBC,system,271.0,am
590,BlackRock,blackrock,688.0,am
591,BlackRock,client,235.0,am
592,BlackRock,climate,304.0,am
593,BlackRock,company,332.0,am
594,BlackRock,employee,290.0,am
595,BlackRock,include,318.0,am
596,BlackRock,investment,511.0,am
597,BlackRock,management,343.0,am
598,BlackRock,risk,537.0,am
599,BlackRock,sustainability,234.0,am
600,Manulife,change,210.0,am
601,Manulife,climate,232.0,am
602,Manulife,community,176.0,am
603,Manulife,customer,235.0,am
604,Manulife,employee,320.0,am
605,Manulife,governance,165.0,am
606,Manulife,invest,158.0,am
607,Manulife,manulife,166.0,am
608,Manulife,sustainability,168.0,am
609,Manulife,sustainable,184.0,am
610,PICTET,client,33.0,am
611,PICTET,climate,29.0,am
612,PICTET,company,103.0,am
613,PICTET,engagement,50.0,am
614,PICTET,environmental,32.0,am
615,PICTET,investment,80.0,am
616,PICTET,issue,30.0,am
617,PICTET,management,63.0,am
618,PICTET,risk,35.0,am
619,PICTET,vote,36.0,am
620,BOA,asset,528.0,am
621,BOA,credit,687.0,am
622,BOA,financial,622.0,am
623,BOA,include,626.0,am
624,BOA,loan,991.0,am
625,BOA,net,457.0,am
626,BOA,risk,684.0,am
627,BOA,security,498.0,am
628,BOA,total,615.0,am
629,BOA,value,627.0,am
630,Ameriprise,ameriprise,225.0,am
631,Ameriprise,business,162.0,am
632,Ameriprise,client,256.0,am
633,Ameriprise,company,130.0,am
634,Ameriprise,employee,218.0,am
635,Ameriprise,financial,193.0,am
636,Ameriprise,impact,144.0,am
637,Ameriprise,investment,205.0,am
638,Ameriprise,responsible,133.0,am
639,Ameriprise,value,146.0,am
640,TROWEPRICE,associate,48.0,am
641,TROWEPRICE,business,50.0,am
642,TROWEPRICE,climate,85.0,am
643,TROWEPRICE,corporate,52.0,am
644,TROWEPRICE,emission,58.0,am
645,TROWEPRICE,financial,48.0,am
646,TROWEPRICE,investment,66.0,am
647,TROWEPRICE,management,58.0,am
648,TROWEPRICE,relate,55.0,am
649,TROWEPRICE,risk,115.0,am
650,1STSTATE,change,69.0,am
651,1STSTATE,company,202.0,am
652,1STSTATE,investment,304.0,am
653,1STSTATE,investor,154.0,am
654,1STSTATE,issue,91.0,am
655,1STSTATE,report,102.0,am
656,1STSTATE,responsible,99.0,am
657,1STSTATE,risk,148.0,am
658,1STSTATE,team,116.0,am
659,1STSTATE,work,75.0,am
660,Aegon,aegon,1014.0,am
661,Aegon,business,1322.0,am
662,Aegon,company,1263.0,am
663,Aegon,financial,1762.0,am
664,Aegon,include,1009.0,am
665,Aegon,insurance,920.0,am
666,Aegon,investment,2491.0,am
667,Aegon,management,1422.0,am
668,Aegon,risk,1545.0,am
669,Aegon,value,1189.0,am
670,CreditSuisse,business,178.0,am
671,CreditSuisse,client,246.0,am
672,CreditSuisse,climate,175.0,am
673,CreditSuisse,financial,222.0,am
674,CreditSuisse,impact,169.0,am
675,CreditSuisse,include,186.0,am
676,CreditSuisse,management,167.0,am
677,CreditSuisse,report,217.0,am
678,CreditSuisse,risk,423.0,am
679,CreditSuisse,sustainability,291.0,am
680,Harbor,country,13.0,am
681,Harbor,credit,16.0,am
682,Harbor,factor,20.0,am
683,Harbor,include,19.0,am
684,Harbor,investment,34.0,am
685,Harbor,issuer,25.0,am
686,Harbor,management,13.0,am
687,Harbor,policy,19.0,am
688,Harbor,risk,19.0,am
689,Harbor,specific,16.0,am
690,Vanguard,board,131.0,am
691,Vanguard,company,270.0,am
692,Vanguard,compensation,79.0,am
693,Vanguard,disclosure,89.0,am
694,Vanguard,governance,75.0,am
695,Vanguard,management,73.0,am
696,Vanguard,proposal,149.0,am
697,Vanguard,risk,144.0,am
698,Vanguard,shareholder,150.0,am
699,Vanguard,strategy,72.0,am
700,Barings,baring,69.0,am
701,Barings,business,40.0,am
702,Barings,client,45.0,am
703,Barings,environmental,34.0,am
704,Barings,global,33.0,am
705,Barings,investment,76.0,am
706,Barings,policy,28.0,am
707,Barings,risk,26.0,am
708,Barings,sustainability,35.0,am
709,Barings,sustainable,28.0,am
710,BOCOM,business,56.0,am
711,BOCOM,development,58.0,am
712,BOCOM,emission,56.0,am
713,BOCOM,employee,165.0,am
714,BOCOM,group,114.0,am
715,BOCOM,management,58.0,am
716,BOCOM,measure,54.0,am
717,BOCOM,period,44.0,am
718,BOCOM,report,58.0,am
719,BOCOM,risk,46.0,am
720,Ninetyone,client,59.0,am
721,Ninetyone,company,102.0,am
722,Ninetyone,engagement,92.0,am
723,Ninetyone,include,67.0,am
724,Ninetyone,investment,168.0,am
725,Ninetyone,policy,59.0,am
726,Ninetyone,risk,74.0,am
727,Ninetyone,support,71.0,am
728,Ninetyone,sustainability,108.0,am
729,Ninetyone,team,124.0,am
730,AXAAM,asset,88.0,am
731,AXAAM,be,214.0,am
732,AXAAM,bond,112.0,am
733,AXAAM,carbon,134.0,am
734,AXAAM,climate,251.0,am
735,AXAAM,company,210.0,am
736,AXAAM,green,124.0,am
737,AXAAM,impact,135.0,am
738,AXAAM,investment,271.0,am
739,AXAAM,risk,156.0,am
740,Invesco,client,187.0,am
741,Invesco,company,192.0,am
742,Invesco,corporate,232.0,am
743,Invesco,employee,367.0,am
744,Invesco,global,211.0,am
745,Invesco,include,197.0,am
746,Invesco,investment,354.0,am
747,Invesco,management,218.0,am
748,Invesco,provide,178.0,am
749,Invesco,risk,234.0,am
750,Natixis,esg,20.0,am
751,Natixis,financial,29.0,am
752,Natixis,fund,26.0,am
753,Natixis,global,23.0,am
754,Natixis,investment,80.0,am
755,Natixis,investor,51.0,am
756,Natixis,manager,46.0,am
757,Natixis,professional,23.0,am
758,Natixis,selector,24.0,am
759,Natixis,survey,24.0,am
760,Wellington,change,45.0,am
761,Wellington,client,64.0,am
762,Wellington,climate,61.0,am
763,Wellington,company,154.0,am
764,Wellington,include,46.0,am
765,Wellington,investment,118.0,am
766,Wellington,management,74.0,am
767,Wellington,provide,43.0,am
768,Wellington,risk,73.0,am
769,Wellington,support,46.0,am
770,Mellon,business,162.0,am
771,Mellon,client,158.0,am
772,Mellon,employee,215.0,am
773,Mellon,enterprise,223.0,am
774,Mellon,financial,108.0,am
775,Mellon,include,144.0,am
776,Mellon,investment,139.0,am
777,Mellon,management,135.0,am
778,Mellon,report,135.0,am
779,Mellon,risk,213.0,am
780,CICC,asset,925.0,am
781,CICC,business,1037.0,am
782,CICC,company,1438.0,am
783,CICC,financial,1515.0,am
784,CICC,group,1361.0,am
785,CICC,interest,666.0,am
786,CICC,investment,674.0,am
787,CICC,management,1081.0,am
788,CICC,risk,1015.0,am
789,CICC,value,745.0,am
790,CITICCapital,also,9.0,am
791,CITICCapital,capital,7.0,am
792,CITICCapital,citic,7.0,am
793,CITICCapital,company,15.0,am
794,CITICCapital,environmental,9.0,am
795,CITICCapital,global,8.0,am
796,CITICCapital,include,6.0,am
797,CITICCapital,investment,8.0,am
798,CITICCapital,staff,15.0,am
799,CITICCapital,standard,7.0,am
800,Deutsche,activity,39.0,am
801,Deutsche,classification,17.0,am
802,Deutsche,energy,19.0,am
803,Deutsche,finance,23.0,am
804,Deutsche,number,19.0,am
805,Deutsche,principle,22.0,am
806,Deutsche,social,20.0,am
807,Deutsche,sustainability,23.0,am
808,Deutsche,sustainable,49.0,am
809,Deutsche,use,18.0,am
810,Insight,financial,91.0,am
811,Insight,impact,114.0,am
812,Insight,investment,220.0,am
813,Insight,investor,91.0,am
814,Insight,market,100.0,am
815,Insight,practice,84.0,am
816,Insight,rating,102.0,am
817,Insight,report,94.0,am
818,Insight,responsible,154.0,am
819,Insight,risk,181.0,am
820,BNP,banking,81.0,am
821,BNP,business,75.0,am
822,BNP,company,68.0,am
823,BNP,customer,162.0,am
824,BNP,group,117.0,am
825,BNP,investment,63.0,am
826,BNP,management,64.0,am
827,BNP,service,77.0,am
828,BNP,support,129.0,am
829,BNP,sustainable,72.0,am
830,Fisch,base,9.0,am
831,Fisch,company,15.0,am
832,Fisch,corporate,8.0,am
833,Fisch,employee,15.0,am
834,Fisch,fisch,12.0,am
835,Fisch,fund,13.0,am
836,Fisch,investment,14.0,am
837,Fisch,investor,8.0,am
838,Fisch,product,10.0,am
839,Fisch,report,8.0,am
840,Fullerton,company,16.0,am
841,Fullerton,corporate,12.0,am
842,Fullerton,governance,14.0,am
843,Fullerton,investment,26.0,am
844,Fullerton,portfolio,12.0,am
845,Fullerton,principle,11.0,am
846,Fullerton,process,23.0,am
847,Fullerton,risk,13.0,am
848,Fullerton,sustainability,15.0,am
849,Fullerton,team,18.0,am
850,UOBAM,company,9.0,am
851,UOBAM,investing,9.0,am
852,UOBAM,investment,41.0,am
853,UOBAM,policy,9.0,am
854,UOBAM,principle,7.0,am
855,UOBAM,process,8.0,am
856,UOBAM,regional,9.0,am
857,UOBAM,strategic,7.0,am
858,UOBAM,sustainability,19.0,am
859,UOBAM,sustainable,27.0,am
860,GOLDMAN,business,193.0,am
861,GOLDMAN,client,126.0,am
862,GOLDMAN,firm,144.0,am
863,GOLDMAN,help,92.0,am
864,GOLDMAN,include,133.0,am
865,GOLDMAN,people,135.0,am
866,GOLDMAN,program,112.0,am
867,GOLDMAN,support,115.0,am
868,GOLDMAN,woman,100.0,am
869,GOLDMAN,work,93.0,am
870,PGIM,employee,92.0,am
871,PGIM,energy,70.0,am
872,PGIM,environmental,66.0,am
873,PGIM,estate,149.0,am
874,PGIM,include,68.0,am
875,PGIM,management,69.0,am
876,PGIM,performance,77.0,am
877,PGIM,program,77.0,am
878,PGIM,property,85.0,am
879,PGIM,risk,72.0,am
880,SMTH,activity,324.0,am
881,SMTH,bank,416.0,am
882,SMTH,business,490.0,am
883,SMTH,client,484.0,am
884,SMTH,company,364.0,am
885,SMTH,employee,441.0,am
886,SMTH,group,625.0,am
887,SMTH,management,562.0,am
888,SMTH,risk,593.0,am
889,SMTH,trust,457.0,am
890,DaiichiLife,business,643.0,ins
891,DaiichiLife,company,1030.0,ins
892,DaiichiLife,customer,606.0,ins
893,DaiichiLife,group,1348.0,ins
894,DaiichiLife,initiative,699.0,ins
895,DaiichiLife,insurance,657.0,ins
896,DaiichiLife,issue,765.0,ins
897,DaiichiLife,life,2207.0,ins
898,DaiichiLife,management,650.0,ins
899,DaiichiLife,material,537.0,ins
900,TokioMarine,company,1732.0,ins
901,TokioMarine,customer,1393.0,ins
902,TokioMarine,employee,1422.0,ins
903,TokioMarine,group,2946.0,ins
904,TokioMarine,initiative,1295.0,ins
905,TokioMarine,insurance,1718.0,ins
906,TokioMarine,management,1397.0,ins
907,TokioMarine,provide,1309.0,ins
908,TokioMarine,risk,1372.0,ins
909,TokioMarine,tokio_marine,1293.0,ins
910,PingAn,business,1342.0,ins
911,PingAn,company,1626.0,ins
912,PingAn,financial,1274.0,ins
913,PingAn,insurance,1516.0,ins
914,PingAn,investment,1243.0,ins
915,PingAn,management,1395.0,ins
916,PingAn,pe,1351.0,ins
917,PingAn,ping,1018.0,ins
918,PingAn,risk,1544.0,ins
919,PingAn,service,1047.0,ins
920,Kyobo,company,597.0,ins
921,Kyobo,customer,599.0,ins
922,Kyobo,employee,427.0,ins
923,Kyobo,financial,502.0,ins
924,Kyobo,insurance,430.0,ins
925,Kyobo,life,598.0,ins
926,Kyobo,management,620.0,ins
927,Kyobo,risk,303.0,ins
928,Kyobo,service,305.0,ins
929,Kyobo,system,306.0,ins
930,AXA,asset,2103.0,ins
931,AXA,business,2318.0,ins
932,AXA,financial,4105.0,ins
933,AXA,group,4273.0,ins
934,AXA,include,2773.0,ins
935,AXA,insurance,2506.0,ins
936,AXA,investment,3039.0,ins
937,AXA,report,2224.0,ins
938,AXA,risk,4761.0,ins
939,AXA,value,3090.0,ins
940,FWD,business,59.0,ins
941,FWD,company,46.0,ins
942,FWD,conduct,41.0,ins
943,FWD,customer,105.0,ins
944,FWD,employee,48.0,ins
945,FWD,fwd,89.0,ins
946,FWD,information,60.0,ins
947,FWD,interest,45.0,ins
948,FWD,product,45.0,ins
949,FWD,work,42.0,ins
950,SunLife,business,262.0,ins
951,SunLife,community,239.0,ins
952,SunLife,company,212.0,ins
953,SunLife,employee,471.0,ins
954,SunLife,health,212.0,ins
955,SunLife,management,317.0,ins
956,SunLife,page,257.0,ins
957,SunLife,product,440.0,ins
958,SunLife,report,242.0,ins
959,SunLife,use,226.0,ins
960,MeijiYasuda,business,397.0,ins
961,MeijiYasuda,company,483.0,ins
962,MeijiYasuda,customer,417.0,ins
963,MeijiYasuda,insurance,697.0,ins
964,MeijiYasuda,life,502.0,ins
965,MeijiYasuda,loan,379.0,ins
966,MeijiYasuda,management,393.0,ins
967,MeijiYasuda,policy,434.0,ins
968,MeijiYasuda,value,585.0,ins
969,MeijiYasuda,year,777.0,ins
970,Fukoku,asset,106.0,ins
971,Fukoku,company,141.0,ins
972,Fukoku,fiscal,106.0,ins
973,Fukoku,fund,104.0,ins
974,Fukoku,insurance,100.0,ins
975,Fukoku,net,88.0,ins
976,Fukoku,policy,95.0,ins
977,Fukoku,reserve,107.0,ins
978,Fukoku,value,123.0,ins
979,Fukoku,year,145.0,ins
980,Cathay,industry,46.0,ins
981,Cathay,information,42.0,ins
982,Cathay,insurance,46.0,ins
983,Cathay,investment,96.0,ins
984,Cathay,management,124.0,ins
985,Cathay,policy,52.0,ins
986,Cathay,process,59.0,ins
987,Cathay,report,49.0,ins
988,Cathay,review,48.0,ins
989,Cathay,risk,203.0,ins
990,NanShanLife,company,147.0,ins
991,NanShanLife,customer,124.0,ins
992,NanShanLife,employee,194.0,ins
993,NanShanLife,insurance,247.0,ins
994,NanShanLife,life,146.0,ins
995,NanShanLife,management,163.0,ins
996,NanShanLife,policyholder,140.0,ins
997,NanShanLife,provide,138.0,ins
998,NanShanLife,risk,119.0,ins
999,NanShanLife,service,220.0,ins
1000,TaiwanLife,company,69.0,ins
1001,TaiwanLife,customer,113.0,ins
1002,TaiwanLife,insurance,129.0,ins
1003,TaiwanLife,issue,57.0,ins
1004,TaiwanLife,life,88.0,ins
1005,TaiwanLife,management,55.0,ins
1006,TaiwanLife,principle,49.0,ins
1007,TaiwanLife,product,60.0,ins
1008,TaiwanLife,provide,70.0,ins
1009,TaiwanLife,service,87.0,ins
1010,AIA,business,474.0,ins
1011,AIA,community,287.0,ins
1012,AIA,customer,363.0,ins
1013,AIA,employee,382.0,ins
1014,AIA,health,292.0,ins
1015,AIA,include,319.0,ins
1016,AIA,investment,332.0,ins
1017,AIA,people,519.0,ins
1018,AIA,report,520.0,ins
1019,AIA,risk,387.0,ins
1020,ShinKong,business,359.0,ins
1021,ShinKong,company,525.0,ins
1022,ShinKong,customer,562.0,ins
1023,ShinKong,employee,843.0,ins
1024,ShinKong,financial,386.0,ins
1025,ShinKong,insurance,332.0,ins
1026,ShinKong,management,765.0,ins
1027,ShinKong,provide,465.0,ins
1028,ShinKong,risk,584.0,ins
1029,ShinKong,service,532.0,ins
1030,JapanPost,business,79.0,ins
1031,JapanPost,customer,172.0,ins
1032,JapanPost,employee,173.0,ins
1033,JapanPost,financial,75.0,ins
1034,JapanPost,management,110.0,ins
1035,JapanPost,provide,72.0,ins
1036,JapanPost,service,106.0,ins
1037,JapanPost,support,75.0,ins
1038,JapanPost,use,73.0,ins
1039,JapanPost,work,140.0,ins
1040,Prudential,business,279.0,ins
1041,Prudential,climate,186.0,ins
1042,Prudential,customer,192.0,ins
1043,Prudential,financial,264.0,ins
1044,Prudential,group,270.0,ins
1045,Prudential,health,190.0,ins
1046,Prudential,investment,279.0,ins
1047,Prudential,report,194.0,ins
1048,Prudential,responsible,215.0,ins
1049,Prudential,risk,231.0,ins
1050,KBFG,bank,441.0,ins
1051,KBFG,business,468.0,ins
1052,KBFG,customer,696.0,ins
1053,KBFG,employee,659.0,ins
1054,KBFG,financial,938.0,ins
1055,KBFG,group,522.0,ins
1056,KBFG,issue,332.0,ins
1057,KBFG,management,622.0,ins
1058,KBFG,risk,500.0,ins
1059,KBFG,service,465.0,ins
1060,NipponLife,amount,587.0,ins
1061,NipponLife,business,683.0,ins
1062,NipponLife,company,1191.0,ins
1063,NipponLife,customer,841.0,ins
1064,NipponLife,insurance,1615.0,ins
1065,NipponLife,investment,625.0,ins
1066,NipponLife,life,1279.0,ins
1067,NipponLife,management,735.0,ins
1068,NipponLife,policy,949.0,ins
1069,NipponLife,year,943.0,ins
1070,DGB,asset,397.0,ins
1071,DGB,business,321.0,ins
1072,DGB,credit,325.0,ins
1073,DGB,fair,396.0,ins
1074,DGB,financial,1018.0,ins
1075,DGB,group,628.0,ins
1076,DGB,loss,556.0,ins
1077,DGB,management,479.0,ins
1078,DGB,risk,328.0,ins
1079,DGB,value,560.0,ins
1080,AsahiMutual,asset,181.0,ins
1081,AsahiMutual,company,116.0,ins
1082,AsahiMutual,fund,108.0,ins
1083,AsahiMutual,loan,128.0,ins
1084,AsahiMutual,loss,120.0,ins
1085,AsahiMutual,net,131.0,ins
1086,AsahiMutual,policy,118.0,ins
1087,AsahiMutual,security,147.0,ins
1088,AsahiMutual,value,136.0,ins
1089,AsahiMutual,year,148.0,ins
1090,AP2,climate,572.0,pf
1091,AP2,company,1078.0,pf
1092,AP2,equity,601.0,pf
1093,AP2,fund,1774.0,pf
1094,AP2,investment,648.0,pf
1095,AP2,portfolio,653.0,pf
1096,AP2,report,542.0,pf
1097,AP2,risk,933.0,pf
1098,AP2,sustainability,594.0,pf
1099,AP2,work,658.0,pf
1100,LPF,bureau,311.0,pf
1101,LPF,fund,838.0,pf
1102,LPF,investment,573.0,pf
1103,LPF,labor,551.0,pf
1104,LPF,management,224.0,pf
1105,LPF,mandate,193.0,pf
1106,LPF,meeting,171.0,pf
1107,LPF,pension,284.0,pf
1108,LPF,return,229.0,pf
1109,LPF,risk,227.0,pf
1110,AP3,asset,499.0,pf
1111,AP3,equity,501.0,pf
1112,AP3,fund,1300.0,pf
1113,AP3,investment,974.0,pf
1114,AP3,management,577.0,pf
1115,AP3,market,531.0,pf
1116,AP3,pension,629.0,pf
1117,AP3,portfolio,553.0,pf
1118,AP3,return,574.0,pf
1119,AP3,risk,1135.0,pf
1120,CPP,change,531.0,pf
1121,CPP,climate,625.0,pf
1122,CPP,company,867.0,pf
1123,CPP,invest,374.0,pf
1124,CPP,investment,936.0,pf
1125,CPP,long,345.0,pf
1126,CPP,management,333.0,pf
1127,CPP,risk,650.0,pf
1128,CPP,sustainable,484.0,pf
1129,CPP,term,342.0,pf
1130,NPF,company,406.0,pf
1131,NPF,domestic,460.0,pf
1132,NPF,equity,487.0,pf
1133,NPF,fund,536.0,pf
1134,NPF,investment,1637.0,pf
1135,NPF,management,704.0,pf
1136,NPF,pension,436.0,pf
1137,NPF,responsible,495.0,pf
1138,NPF,return,374.0,pf
1139,NPF,shareholder,400.0,pf
1140,AP1,asset,495.0,pf
1141,AP1,company,443.0,pf
1142,AP1,fund,1125.0,pf
1143,AP1,investment,576.0,pf
1144,AP1,market,470.0,pf
1145,AP1,net,356.0,pf
1146,AP1,pension,344.0,pf
1147,AP1,risk,731.0,pf
1148,AP1,value,497.0,pf
1149,AP1,year,365.0,pf
1150,GPIF,bond,167.0,pf
1151,GPIF,company,393.0,pf
1152,GPIF,equity,152.0,pf
1153,GPIF,esg,181.0,pf
1154,GPIF,gpif,197.0,pf
1155,GPIF,index,233.0,pf
1156,GPIF,investment,280.0,pf
1157,GPIF,portfolio,168.0,pf
1158,GPIF,rating,196.0,pf
1159,GPIF,risk,215.0,pf
1160,FF,equity,1228.0,pf
1161,FF,financial,2657.0,pf
1162,FF,fund,3478.0,pf
1163,FF,investment,4943.0,pf
1164,FF,management,1189.0,pf
1165,FF,market,1465.0,pf
1166,FF,risk,2334.0,pf
1167,FF,statement,1273.0,pf
1168,FF,value,1565.0,pf
1169,FF,year,1217.0,pf
1170,AP4,asset,577.0,pf
1171,AP4,company,879.0,pf
1172,AP4,fund,873.0,pf
1173,AP4,investment,694.0,pf
1174,AP4,management,733.0,pf
1175,AP4,pension,546.0,pf
1176,AP4,return,596.0,pf
1177,AP4,risk,1175.0,pf
1178,AP4,work,624.0,pf
1179,AP4,year,634.0,pf
1180,GPF,climate,394.0,pf
1181,GPF,company,2131.0,pf
1182,GPF,governance,370.0,pf
1183,GPF,investment,403.0,pf
1184,GPF,management,502.0,pf
1185,GPF,portfolio,410.0,pf
1186,GPF,report,388.0,pf
1187,GPF,right,548.0,pf
1188,GPF,risk,868.0,pf
1189,GPF,shareholder,481.0,pf
1190,NZSF,carbon,112.0,pf
1191,NZSF,change,199.0,pf
1192,NZSF,climate,235.0,pf
1193,NZSF,emission,93.0,pf
1194,NZSF,fund,132.0,pf
1195,NZSF,investment,159.0,pf
1196,NZSF,portfolio,82.0,pf
1197,NZSF,risk,160.0,pf
1198,NZSF,strategy,109.0,pf
1199,NZSF,target,99.0,pf
1200,FDC,bond,98.0,pf
1201,FDC,carbon,111.0,pf
1202,FDC,company,146.0,pf
1203,FDC,emission,107.0,pf
1204,FDC,fdc,88.0,pf
1205,FDC,global,95.0,pf
1206,FDC,investment,115.0,pf
1207,FDC,portfolio,179.0,pf
1208,FDC,risk,122.0,pf
1209,FDC,sustainable,78.0,pf
1210,ISIF,climate,50.0,pf
1211,ISIF,investment,147.0,pf
1212,ISIF,long,37.0,pf
1213,ISIF,portfolio,41.0,pf
1214,ISIF,principle,50.0,pf
1215,ISIF,responsible,38.0,pf
1216,ISIF,risk,41.0,pf
1217,ISIF,strategy,33.0,pf
1218,ISIF,sustainability,28.0,pf
1219,ISIF,term,41.0,pf
1220,AP7,climate,375.0,pf
1221,AP7,company,632.0,pf
1222,AP7,corporate,192.0,pf
1223,AP7,fund,196.0,pf
1224,AP7,investment,188.0,pf
1225,AP7,investor,210.0,pf
1226,AP7,issue,168.0,pf
1227,AP7,report,223.0,pf
1228,AP7,risk,187.0,pf
1229,AP7,work,209.0,pf
1230,GEPF,asset,500.0,pf
1231,GEPF,benefit,627.0,pf
1232,GEPF,financial,853.0,pf
1233,GEPF,fund,1363.0,pf
1234,GEPF,gepf,969.0,pf
1235,GEPF,investment,1134.0,pf
1236,GEPF,member,741.0,pf
1237,GEPF,statement,568.0,pf
1238,GEPF,value,572.0,pf
1239,GEPF,year,675.0,pf
1240,KWSP_EPF,also,113.0,pf
1241,KWSP_EPF,employee,168.0,pf
1242,KWSP_EPF,ensure,106.0,pf
1243,KWSP_EPF,epf,166.0,pf
1244,KWSP_EPF,financial,110.0,pf
1245,KWSP_EPF,investment,260.0,pf
1246,KWSP_EPF,management,252.0,pf
1247,KWSP_EPF,member,268.0,pf
1248,KWSP_EPF,risk,361.0,pf
1249,KWSP_EPF,year,113.0,pf
